[
  {
    "model": "mailing_app.client",
    "pk": 1,
    "fields": {
      "email": "alexa.sazhaeva@gmail.com",
      "name": "Сажаева Александра Максимовна",
      "text": "Надежный клиент, заказывает каждый месяц большие партии, можно сделать скидку как постоянному клиенту."
    }
  },
  {
    "model": "mailing_app.client",
    "pk": 3,
    "fields": {
      "email": "anddoomss@gmail.com",
      "name": "Моисеев Андрей Юрьевич",
      "text": "Заходил на сайт пару раз, но так ничего и не выбрал. Задавал вопросы по акциям"
    }
  },
  {
    "model": "mailing_app.client",
    "pk": 4,
    "fields": {
      "email": "id410beats@gmail.com",
      "name": "Матюхин Фёдор Михайлович",
      "text": "Постоянный покупатель, обычно заказывает 2-3 уточки, предлагал сотрудничество."
    }
  },
  {
    "model": "mailing_app.client",
    "pk": 5,
    "fields": {
      "email": "penshina.d@gmail.com",
      "name": "Пеньшина Дарья Сергеевна",
      "text": "Спрашивала про акции и новогодние предложения, стоит высылать все рассылки."
    }
  },
  {
    "model": "mailing_app.text",
    "pk": 1,
    "fields": {
      "topic": "Новая коллекция",
      "text": "На сайте появилась новая зимняя коллекция уточек. Скорей переходи по ссылке и выбирай себе новогоднюю уточку."
    }
  },
  {
    "model": "mailing_app.text",
    "pk": 2,
    "fields": {
      "topic": "Давно не виделись",
      "text": "Вижу, кто-то давно не навещал уточек. Они скучают без твоего внимания."
    }
  },
  {
    "model": "mailing_app.text",
    "pk": 3,
    "fields": {
      "topic": "Желтая пятница",
      "text": "Наступила самая долгожданная неделя в году - желтая пятница! На сайте уже давно доступны большие скидки, заходи и выбирай себе уточку."
    }
  },
  {
    "model": "mailing_app.newsletter",
    "pk": 3,
    "fields": {
      "start_time": "23:00",
      "stop_time": "23:59",
      "last_time": "2023-11-13 23:10:05.086351",
      "period": "day",
      "status": "created",
      "message": 2,
      "client": [
        1,
        3,
        4,
        5
      ]
    }
  },
  {
    "model": "mailing_app.newsletter",
    "pk": 4,
    "fields": {
      "start_time": "10:00",
      "stop_time": "11:00",
      "last_time": "2023-11-16 10:32:24.751064",
      "period": "day",
      "status": "created",
      "message": 1,
      "client": [
        1,
        3,
        4,
        5
      ]
    }
  },
  {
    "model": "mailing_app.logs",
    "pk": 1,
    "fields": {
      "date": "2023-11-10 23:14:12.230831",
      "status": true,
      "error_msg": "OK",
      "client": 1,
      "newsletter": 3
    }
  },
  {
    "model": "mailing_app.logs",
    "pk": 2,
    "fields": {
      "date": "2023-11-10 23:14:12.230831",
      "status": true,
      "error_msg": "OK",
      "client": 3,
      "newsletter": 3
    }
  },
  {
    "model": "mailing_app.logs",
    "pk": 3,
    "fields": {
      "date": "2023-11-10 23:14:12.230831",
      "status": true,
      "error_msg": "OK",
      "client": 4,
      "newsletter": 3
    }
  },
  {
    "model": "mailing_app.logs",
    "pk": 4,
    "fields": {
      "date": "2023-11-10 23:14:12.230831",
      "status": true,
      "error_msg": "OK",
      "client": 5,
      "newsletter": 3
    }
  },
  {
    "model": "mailing_app.logs",
    "pk": 5,
    "fields": {
      "date": "2023-11-11 16:40:03.639281",
      "status": true,
      "error_msg": "OK",
      "client": 1,
      "newsletter": 4
    }
  },
  {
    "model": "mailing_app.logs",
    "pk": 6,
    "fields": {
      "date": "2023-11-11 16:40:03.639281",
      "status": true,
      "error_msg": "OK",
      "client": 3,
      "newsletter": 4
    }
  },
  {
    "model": "mailing_app.logs",
    "pk": 7,
    "fields": {
      "date": "2023-11-11 16:40:03.639281",
      "status": true,
      "error_msg": "OK",
      "client": 4,
      "newsletter": 4
    }
  },
  {
    "model": "mailing_app.logs",
    "pk": 8,
    "fields": {
      "date": "2023-11-11 16:40:03.639281",
      "status": true,
      "error_msg": "OK",
      "client": 5,
      "newsletter": 4
    }
  },
  {
    "model": "mailing_app.logs",
    "pk": 9,
    "fields": {
      "date": "2023-11-11 23:00:03.062981",
      "status": true,
      "error_msg": "OK",
      "client": 1,
      "newsletter": 3
    }
  },
  {
    "model": "mailing_app.logs",
    "pk": 10,
    "fields": {
      "date": "2023-11-11 23:00:03.062981",
      "status": true,
      "error_msg": "OK",
      "client": 3,
      "newsletter": 3
    }
  },
  {
    "model": "mailing_app.logs",
    "pk": 11,
    "fields": {
      "date": "2023-11-11 23:00:03.062981",
      "status": true,
      "error_msg": "OK",
      "client": 4,
      "newsletter": 3
    }
  },
  {
    "model": "mailing_app.logs",
    "pk": 12,
    "fields": {
      "date": "2023-11-11 23:00:03.062981",
      "status": true,
      "error_msg": "OK",
      "client": 5,
      "newsletter": 3
    }
  },
  {
    "model": "mailing_app.logs",
    "pk": 13,
    "fields": {
      "date": "2023-11-12 23:05:04.925937",
      "status": true,
      "error_msg": "OK",
      "client": 1,
      "newsletter": 3
    }
  },
  {
    "model": "mailing_app.logs",
    "pk": 14,
    "fields": {
      "date": "2023-11-12 23:05:04.925937",
      "status": true,
      "error_msg": "OK",
      "client": 3,
      "newsletter": 3
    }
  },
  {
    "model": "mailing_app.logs",
    "pk": 15,
    "fields": {
      "date": "2023-11-12 23:05:04.925937",
      "status": true,
      "error_msg": "OK",
      "client": 4,
      "newsletter": 3
    }
  },
  {
    "model": "mailing_app.logs",
    "pk": 16,
    "fields": {
      "date": "2023-11-12 23:05:04.925937",
      "status": true,
      "error_msg": "OK",
      "client": 5,
      "newsletter": 3
    }
  },
  {
    "model": "mailing_app.logs",
    "pk": 17,
    "fields": {
      "date": "2023-11-13 23:10:05.086351",
      "status": true,
      "error_msg": "OK",
      "client": 1,
      "newsletter": 3
    }
  },
  {
    "model": "mailing_app.logs",
    "pk": 18,
    "fields": {
      "date": "2023-11-13 23:10:05.086351",
      "status": true,
      "error_msg": "OK",
      "client": 3,
      "newsletter": 3
    }
  },
  {
    "model": "mailing_app.logs",
    "pk": 19,
    "fields": {
      "date": "2023-11-13 23:10:05.086351",
      "status": true,
      "error_msg": "OK",
      "client": 4,
      "newsletter": 3
    }
  },
  {
    "model": "mailing_app.logs",
    "pk": 20,
    "fields": {
      "date": "2023-11-13 23:10:05.086351",
      "status": true,
      "error_msg": "OK",
      "client": 5,
      "newsletter": 3
    }
  },
  {
    "model": "mailing_app.logs",
    "pk": 21,
    "fields": {
      "date": "2023-11-16 10:32:24.751064",
      "status": true,
      "error_msg": "OK",
      "client": 1,
      "newsletter": 4
    }
  },
  {
    "model": "mailing_app.logs",
    "pk": 22,
    "fields": {
      "date": "2023-11-16 10:32:24.751064",
      "status": true,
      "error_msg": "OK",
      "client": 3,
      "newsletter": 4
    }
  },
  {
    "model": "mailing_app.logs",
    "pk": 23,
    "fields": {
      "date": "2023-11-16 10:32:24.751064",
      "status": true,
      "error_msg": "OK",
      "client": 4,
      "newsletter": 4
    }
  },
  {
    "model": "mailing_app.logs",
    "pk": 24,
    "fields": {
      "date": "2023-11-16 10:32:24.751064",
      "status": true,
      "error_msg": "OK",
      "client": 5,
      "newsletter": 4
    }
  },
  {
    "model": "catalog.category",
    "pk": 1,
    "fields": {
      "name": "Стандартные уточки",
      "description": "Классические желтые резиновые уточки"
    }
  },
  {
    "model": "catalog.category",
    "pk": 2,
    "fields": {
      "name": "Коллекционные уточки",
      "description": "Коллекционные уточки выпускаются в ограниченном количестве"
    }
  },
  {
    "model": "catalog.category",
    "pk": 3,
    "fields": {
      "name": "Новинки",
      "description": "Самые новые уточки"
    }
  },
  {
    "model": "catalog.category",
    "pk": 4,
    "fields": {
      "name": "Утиные профессии",
      "description": "Уточки - представители разных видов профессий"
    }
  },
  {
    "model": "catalog.product",
    "pk": 1,
    "fields": {
      "name": "Желтая уточка",
      "description": "Ребенку такая игрушка наверняка покажется живой. В самом деле: так и ждешь, что этот задорный желтый комочек с черными глазками-бусинками и оранжевым клювиком расправит крылышки и с веселым кряканьем поиграет с малышом в любую увлекательную игру. Ну и ну! Только брызги веером в разные стороны!  Утенок изготовлен из высококлассного материала, который соответствует актуальным нормам и стандартам. Он абсолютно безопасен для человека, даже если малыш решит попробовать своего желтого друга на вкус. Уточка предназначена для частого использования, поэтому окрашена краской, которая не меняет цвет ни от времени, ни от воздействия моющих или дезинфицирующих средств. Удобная форма позволит надежно держать игрушку даже самым маленьким проказникам. Более того, маленькая резиновая уточка может стать компаньонам не только во время водных процедур. С ней можно отправляться на прогулки и даже спать.  Только представьте глаза ребенка, который впервые увидит эту яркую и задорную уточку. Насыщенный желтый цвет наполняет позитивом, и даже самые сложные будни будет намного проще пережить с таким верным напарником. К слову, и взрослым может понравиться такой милый сувенир, особенно тем, кто давно коллекционирует Funny Ducks и трепетно относится к каждому новому экземпляру.",
      "image": "catalog/standart.png",
      "category": 1,
      "price": 490,
      "date_of_creation": "2023-10-06",
      "last_modified_date": "2023-10-06",
      "active_version": null
    }
  },
  {
    "model": "catalog.product",
    "pk": 2,
    "fields": {
      "name": "Кофе уточка",
      "description": "Прибыв в гости к малышу из далекой жаркой Бразилии, уточка принесла с собой в подарок зернышки кофе, из которых готовят ароматный горячий напиток. Нырять и плескаться с ней в ласковой прозрачной воде можно долго, ну а потом… Чашка душистого кофе со сладким молоком после ванны – что может быть лучше?  Желтая уточка для ванны – всемирно известный аксессуар для водных процедур, который одинаково умиляет как взрослых, так и детей. Но компания Funny Ducks не просто усовершенствовала этот давно устоявшийся тренд. Фирма перевернула осознание того, что является детской игрушкой, а что – памятный аксессуар, который будет передаваться из поколения в поколение и всегда вызвать бурю самых нежных эмоций. Прекрасный пример универсальности серии – кофе-уточка. Это один из самых нестандартных решений, которые вы видели в своей жизни. Это не просто олицетворение героя мультфильма или любимого питомца – это произведение искусства в миниатюре, смысл которого каждый сможет трактовать по-своему.  Ваш друг недавно вернулся из Бразилии? Или родственник – кофеман? Товарищ работает в кофейне? Почему бы не подарить ему такой уникальный сувенир, который будет точно отражать его предпочтения и навсегда останется в памяти как один из самых нестандартных подарков!  Кофе-уточка остается и полноценной детской игрушкой для ванны или бассейна. Она имеет небольшой вес и размер и изготовлена из качественной гипоаллергенной резины. Для покраски использовалась сертифицированная смесь с пигментом глубокого проникновения, поэтому даже частые водные процедуры не изменят внешнего вида милого и яркого утенка.",
      "image": "catalog/base_1_XWHc3ct.png",
      "category": 1,
      "price": 490,
      "date_of_creation": "2023-10-06",
      "last_modified_date": "2023-10-06",
      "active_version": null
    }
  },
  {
    "model": "catalog.product",
    "pk": 3,
    "fields": {
      "name": "Белая уточка",
      "description": "Что же может порадовать малыша? Конечно же, новая игрушка! Но в эру всевозможного разнообразия и изобилия для каждого родителя крайне важно отдавать предпочтение долговечному и, самое главное, качественному и безопасному варианту. И именно такими словами и можно охарактеризовать все игрушки серии Funny Duck. Данная Белая уточка является базовой в классической линии. И она просто обязана быть в вашей коллекции.  Белая уточка смотрится очень нежно и оригинально. Подобного нового друга обязательно захочет получить и мальчик, и девочка. Большая детализация и проработка мимики позволила производителю из обычной резиновой уточки сделать реалистичную птицу, которая, стоит только отвернуться, мигом отправится навстречу приключениям. К тому же, уточка умеет пищать, что сделает игры с ней еще более оригинальными и реалистичными.  Главными преимуществами Белой уточки являются:  1. Гипоаллергенная резина, которая не испаряет токсичных веществ и не наносит никакого вреда даже при частом использовании. 2. Материал прекрасно справляется с ежедневным воздействием воды, моющих и дезинфицирующих средств. А это значит, что вы сможете ухаживать за игрушкой в полном соответствии со стандартами безопасности, при этом не переживая, что внешний вид игрушки будет испорчен. 3. Насыщенный белый цвет – фишка этой уточки. И он будет таким же нежным и насыщенным даже через несколько лет использования. Игрушка даже сможет передаваться из рук старших детей к самым младшим. 4. Удобная форма и отсутствие деталей – это именно то, что нужно маленьким детям.",
      "image": "catalog/base_2.png",
      "category": 1,
      "price": 499,
      "date_of_creation": "2023-10-06",
      "last_modified_date": "2023-10-06",
      "active_version": null
    }
  },
  {
    "model": "catalog.product",
    "pk": 4,
    "fields": {
      "name": "Уточка омоновец",
      "description": "ОМОН – это отряд полиции особого назначения. Все, кто служит в нем – герои. Утенок-омоновец – самый отчаянный представитель в коллекции профессий. Он не побоится подставить грудь под пулю бандита или террориста, вызволит из плена заложников, ведь рисковать в борьбе за справедливость – его работа.  Говорят, все военнослужащие – очень серьезные люди. Но только те, кто имеет реальное отношение к этой специальности, подтвердят, что даже самым серьезным блюстителям правопорядка необходима эмоциональная разрядка. Как это сделать? Просто быть в хорошем настроении и не забывать, что такое смех. Поэтому омоновец-уточка может стать великолепным подарком для человека, который связан с этой специальностью. Такой сувенир он точно не забудет.  Но в первую очередь уточка из серии Funny Ducks предназначена для малышей. Только представьте, как обрадуется ребенок, получив нового верного друга, который не просто сможет его защитить, но и станет на сторону правды в любой ситуации, пряча за своей спиной всех, кто нуждается в помощи.  Несмотря на то, что уточка сама по себе выглядит очень забавно, она излучает спокойствие и олицетворяет защиту. Персонаж облачен в традиционную форму сотрудников ОМОНа: на голове защитный шлем, а в руках дубинка и щит. От такого блюстителя порядка точно не скроется ни один бандит и с таким товарищем малыш уж точно без капли страха отправится хоть в темную детскую комнату, хоть в ванну, наполненную пенной водой.",
      "image": "catalog/profession.png",
      "category": 4,
      "price": 490,
      "date_of_creation": "2023-10-06",
      "last_modified_date": "2023-10-06",
      "active_version": null
    }
  },
  {
    "model": "catalog.product",
    "pk": 5,
    "fields": {
      "name": "Уточка капитан",
      "description": "Он – смельчак-капитан. Ему нипочем океан, громы, молнии, волны, как горы. Он крепко держит штурвал. Видал он и злее непогоду в бушующем море. Всегда на вахте, всегда начеку. У воды он пощады не просит. Он застыл у руля: для него – как земля под ногой капитанский мостик! Лево руля! Право руля! Зорок и смел капитан корабля.  Ну кто не мечтал в детстве управлять большим кораблем и чувствовать себя настоящим покорителем морской глади? Каждый мальчишка будет рад такому подарку. С уточкой-капитаном он сможет придумать сотни интересных игр, которые будут радовать малыша и дарить ему позитивные эмоции. А для девчонок такой милый утенок станет надежной защитой и опорой! Крошка боится ванны и не любит играть в воде? Не проблема! Задорный капитан протянет свое крыло помощи и наполнит малышку уверенностью в том, что лучшего времяпровождения после насыщенного дня, чем купание в мягкой пене, просто не придумаешь.  Самое главное, что капитан-уточка изготовлен из качественной резины. Изделие мягкое и гладкое. Но эргономичная форма не позволит выскользнуть утенку из руки, и даже самому маленькому малышу будет удобно держать игрушку в руках. К тому же, уточку можно брать не только в ванну, но и спать с ней и даже отправляться на детскую площадку, ведь материал можно обрабатывать дезинфицирующими средствами, не боясь, что краска потускнеет, а внешний вид испортится.  Удачно стилизованная под капитана резиновая уточка понравится и взрослым. Вашего друга повысили? Или его работа связана с морем? Почему бы не подарить такой необычный презент, оставив неизгладимое впечатление о вашей заботе.",
      "image": "catalog/prof_1.png",
      "category": 4,
      "price": 490,
      "date_of_creation": "2023-10-06",
      "last_modified_date": "2023-10-06",
      "active_version": null
    }
  },
  {
    "model": "catalog.product",
    "pk": 6,
    "fields": {
      "name": "Уточка доктор",
      "description": "Если вы боитесь строгих врачей, то настало идеальное время, чтобы распрощаться с необоснованными опасениями. Представляем вашему вниманию необычайно умного и талантливого врача-уточку, который раскроет все грани своей благородной профессии. Он точно знает, как понравиться детишкам, а также оказаться в центре внимания.  Еще один безусловный талант этого оригинального персонажа – умение пробуждать в детках любовь к медицине. Возможно, знакомство с ним послужит в будущем толчком к углубленному изучению этой науки.  Если ваше чадо совсем маленькое, но любит веселые и занимательные игры, – наша уточка станет идеальным компаньоном для него. Добрый доктор назначит лечение, и оно будет самым эффективным и приятным. Также он не отступит до тех пор, пока коварный недуг не будет полностью устранен.  Резиновая желтая уточка – всемирно известная классическая игрушка. Наши необычные яркие персонажи станут достойным пополнением коллекций взрослых и детей. С ними забавляются в ванной и детской комнатах, берут на прогулку и садик. Игровые возможности наших изделий не ограничены никакими правилами. Персонажи позитивных резиновых уточек соответствуют сертификату ТР ТС.",
      "image": "catalog/prof_2.png",
      "category": 4,
      "price": 490,
      "date_of_creation": "2023-10-06",
      "last_modified_date": "2023-10-06",
      "active_version": null
    }
  },
  {
    "model": "catalog.product",
    "pk": 7,
    "fields": {
      "name": "Уточка бык",
      "description": "Уточка в роли быка – креативная резиновая игрушка или «сочетание несочетаемого». Обратите внимание на особенного жителя нашего сайта, который уже находится в продаже. Утка-бык – очередное подтверждение того, что фантазия наших креативных дизайнеров не знает ограничений. Великое и могучее животное так умело сочетается с трогательной и немножко смешной уточкой. Почему бы не удивить своего ребенка столь креативной игрушкой, либо порадовать необычным презентом лучшего друга, родственника, коллегу по работе.  Это беспроигрышный сувенир для многих торжественных событий. Учитывая, какой заряд позитива таит в себе утка-бык, ее можно презентовать взрослым и детям совершенно без повода, просто от чистого сердца. Не забывайте о том, что бык – символ наступающего года, а это еще больше повышает актуальность подарка.  В качестве игрушки изделия из экологически чистой и безопасной резины разрешаются детям с 3-лет. Ваш малыш может весело играть с новым другом везде: на улице и в садике, в детской комнате и во время вечернего купания. Повсюду уточка с ярким клювиком будет к месту и принесет множество положительных эмоций и радости. Приблизительные размеры уточек 8,5 см х 8,5 см, вес – 50 гр.",
      "image": "catalog/collection.png",
      "category": 2,
      "price": 490,
      "date_of_creation": "2023-10-06",
      "last_modified_date": "2023-10-06",
      "active_version": "1.0.2 (Перекрасили уточку)"
    }
  },
  {
    "model": "catalog.product",
    "pk": 8,
    "fields": {
      "name": "Розовая пантера уточка",
      "description": "Всегда позитивная уточка Розовая пантера станет отличным сувениром для любителей юмора, шуток и гротескного персонажа, придуманного к одноименной серии фильмов, но ставшего кумиром миллионов. А дети, еще не смотревшие короткометражек с его участием, несомненно, заинтересуются уточкой необычного розового цвета.  Особенности Розовой пантеры уточки Своими очертаниями эта уточка напоминает любимую игрушку для водных забав. Выделяет ее лишь необычная окраска – розовое тельце и крылья, белый клюв и пузико. А узнаваемое сходство с анимационным персонажем добавляют:  нарисованные усики; круглые ушки; стилизованный выступ носика над клювом; необычные большие глаза с бровями. У игрушки нет острых граней или опасно выступающих частей. Она сделана из безопасного и гипоаллергенного ПВХ-пластизола, поэтому полностью безопасна для детей. С ней можно играть и в ванной, и в бассейне: она не испортится от длительного контакта с водой или солнечным светом.  Уточкой Розовой пантерой можно играть не только в ванной. Она станет неизменным персонажем детских игр на полу и даже в песочнице. Гладкая поверхность не способствует скоплению грязи и патогенной микрофлоры.  Все, что требуется для ухода – после игры удалить мыльным раствором грязь и насухо вытереть мягкой ветошью или поставить в проветриваемое место для полного высыхания. А если с игрушкой будет купаться младенец, то уточку Розовую пантеру можно продезинфицировать.  Эта замечательная игрушка для ванной в виде уточки Розовой пантеры просто обязана пополнить вашу коллекцию Funny Ducks. Тем более что купить ее можно прямо на сайте, оформив заказ в несколько кликов.  Хотите купить необычные игрушки для ванной оптом? Свяжитесь с менеджером по телефону и обсудите детали сотрудничества.",
      "image": "catalog/collection_1.png",
      "category": 2,
      "price": 490,
      "date_of_creation": "2023-10-06",
      "last_modified_date": "2023-10-06",
      "active_version": "1.0.0 (Первая версия)"
    }
  },
  {
    "model": "catalog.product",
    "pk": 9,
    "fields": {
      "name": "Статуя Свободы уточка",
      "description": "Резиновая уточка для ванной, стилизованная под Статую Свободы – оригинальный подарок и для самых маленьких детей, и для взрослых. Эту уточку от FUNNY DUCKS вы можете использовать в качестве детской игрушки, как необычный сувенир или предмет декора.  В игрушке без труда узнается как классическая игрушка, так и всемирно известный монумент: уточка одета в голубой хитон, ее голову венчает корона, а руках она держит факел и каменный скрижаль. Такая игрушка позволит детям постарше познакомиться с одним из самых известных монументов мира, а малышам просто разнообразит игровой процесс.  Вся продукция FUNNY DUCKS соответствует Директиве 2009/48/EC, которая устанавливает жесткие требования к качеству и безопасности игрушек, предназначенных для детей до 14 лет, поэтому наши уточки можно без опасения давать даже самым маленьким. Игрушка устойчиво держится на воде, не меняет свой внешний вид со временем, легко моется и может использоваться не только в ванной, но и на улице.  Порадуйте себя и близких забавными уточками от FUNNY DUCKS, которые у нас можно заказать по самой выгодной цене. Оформляйте заказ на сайте или по телефону, и мы оперативно доставим его в любую точку России.",
      "image": "catalog/collection_2.png",
      "category": 2,
      "price": 490,
      "date_of_creation": "2023-10-06",
      "last_modified_date": "2023-10-06",
      "active_version": null
    }
  },
  {
    "model": "catalog.product",
    "pk": 10,
    "fields": {
      "name": "Серый герой уточка",
      "description": "Уточка Серый герой – это сувенир, который порадует и детей, и взрослых, ведь Бэтмена любят все. Дизайнеры Funny Ducks нарядили классическую игрушку для купания в костюм супергероя, создав беспроигрышный подарок для всех любителей комиксов, фильмов и мультиков о Бэтмене.  Детям уточка-супергерой поможет развивать фантазию во время игр как в ванной, так и дома, либо на улице. В дополнение к Серому герою вы можете подобрать других персонажей из более 100 уточек Funny Ducks, чтобы сделать игры еще сложнее и интереснее.  Наши изделия изготовлены из качественного, абсолютно безопасного материала, они приятные на ощупь и не имеют запаха. Игрушки хорошо держатся на воде за счет специального грузила и станут любимым аксессуаром вашего ребенка во время купания. Уточка предназначена для детей от 3-х лет, но ею могут играться и дети младшего возраста, так как она имеет неразборную безопасную конструкцию, в которой нет потенциально опасных деталей.  Создайте свою коллекцию культовых героев с дизайнерскими уточками от Funny Ducks и порадуйте оригинальными сувенирами друзей. Оформляйте заказ на сайте или по телефону, и мы доставим его в любой регион РФ.",
      "image": "catalog/new.png",
      "category": 3,
      "price": 490,
      "date_of_creation": "2023-10-06",
      "last_modified_date": "2023-10-06",
      "active_version": "1.0.1 (Небольшой апдейт первой версии)"
    }
  },
  {
    "model": "catalog.product",
    "pk": 11,
    "fields": {
      "name": "Шахматная уточка",
      "description": "Уточка «Шахматы» — очередная необычная новинка от FUNNY DUCKS. Данная игрушка имеет достаточно интересный дизайн. Она раскрашена под шахматную доску с фигурками. В ней удивительным образом сочетаются два несовместимых образа. Однако именно это является основной концепцией FUNNY DUCKS. Благодаря столь нестандартному внешнему виду, стилизованная игрушка понравится не только ребенку, но и взрослому.  Если вы не знаете, чем порадовать юного интеллектуала, подарите ему уточку «Шахматы». Она точно придется по душе любителю этой игры и всего, что с ней связано. Уточка усилит интерес ребенка к этой утрачивающей популярность, но крайне полезной настольной игре. На игрушку нанесено реалистичное изображение шахматной доски и фигур. Краска не тускнеет и не стирается со временем. Поэтому уточка будет долго радовать вашего ребенка. Понравится она и взрослому поклоннику шахмат. Помимо необычного внешнего вида, игрушка имеет следующие преимущества:  качественный мягкий материал изготовления; отсутствие токсичных веществ в составе; яркие краски и хорошая детализация рисунков; отсутствие мелких деталей и звуковых элементов. Не только из-за стильного дизайна родители выбирают для своих детей уточек FUNNY DUCKS. Игрушка безопасна даже для самых маленьких, поскольку не содержит мелких деталей. Также она не издает резкие звуки, способные испугать малыша. При изготовлении уточек используются нетоксичные гипоаллергенные материалы, стойкие безопасные краски. Даже при регулярных играх уточка сохраняет изначальную привлекательность. Заказать игрушку «Шахматы» можно в интернет-магазине FUNNY DUCKS. Достаточно поместить ее в корзину и выбрать удобный способ доставки.",
      "image": "catalog/new_1.png",
      "category": 3,
      "price": 490,
      "date_of_creation": "2023-10-06",
      "last_modified_date": "2023-10-06",
      "active_version": null
    }
  },
  {
    "model": "catalog.product",
    "pk": 12,
    "fields": {
      "name": "Боксер уточка",
      "description": "Боксер — уточка из коллекции FUNNY DUCKS «Спорт». Она станет отличным подарком ребенку и взрослому. Ее можно подарить профессиональному спортсмену, человеку, который любит бокс или коллекционирует необычные аксессуары.  Уточка поможет привлечь ребенка к активному образу жизни, заинтересовать его полезным увлечением и в игровой форме рассказать о соревнованиях. Благодаря проработанному дизайну в фигурке легко угадывается боксер на ринге.  Игрушка безопасна, в ней нет острых, съемных частей. Ребенок от трех лет сможет играть с ней без присмотра взрослых. FUNNY DUCKS изготавливаются из нетоксичного, прочного ПВХ пластизоль. Материал устойчив к износу и воздействию воды. Игрушки из него приятны на ощупь, гипоаллергенны и отлично переносят частые купания в ванной. Перед тем как дать ребенку уточку, ее можно продезинфицировать.  Мы предлагаем утку-бокс FUNNY DUCKS и выгодные условия продажи:  подарки и скидки при покупке оптовых партий игрушек; бесплатную доставку при заказе от 9 уточек; услуги брендирования для корпоративных клиентов и т.д. Подробную информацию об утке для любителей бокса и других предложениях FUNNY DUCKS можно получить у наших консультантов.",
      "image": "catalog/new_2.png",
      "category": 3,
      "price": 490,
      "date_of_creation": "2023-10-06",
      "last_modified_date": "2023-10-06",
      "active_version": null
    }
  },
  {
    "model": "catalog.request",
    "pk": 1,
    "fields": {
      "name": "Сажаева Александра Максимовна",
      "email": "alexa.sazhaeva@gmail.com",
      "message": "Очень хочу уточку"
    }
  },
  {
    "model": "catalog.request",
    "pk": 2,
    "fields": {
      "name": "Сажаева Александра Максимовна",
      "email": "alexa.sazhaeva@gmail.com",
      "message": "Очень хочу уточку"
    }
  },
  {
    "model": "catalog.request",
    "pk": 3,
    "fields": {
      "name": "Сажаева Александра Максимовна",
      "email": "alexa.sazhaeva@gmail.com",
      "message": "Очень хочу уточку"
    }
  },
  {
    "model": "catalog.request",
    "pk": 4,
    "fields": {
      "name": "Мельник Анастасия Сергеевна",
      "email": "amelnik@gmail.com",
      "message": "Подарите уточку"
    }
  },
  {
    "model": "catalog.post",
    "pk": 3,
    "fields": {
      "title": "Зачем знать несколько языков?",
      "slug": "",
      "text": "Практически все языки программирования появились для решения специфических задач или в ответ на невозможность решить их существующими инструментами.  Python был создан на досуге — нужен был расширяемый скриптовый язык. Сегодня он стабильно возглавляет чарты популярности и является универсальным языком: от разработки обычных сайтов до ML. PHP создавался не как язык программирования, а как препроцессор текста. В 1995 его использовали для быстрого создания своей странички в сети. Сегодня на нём работает Facebook, Yahoo и, например, Wikipedia. JavaScript разработали для дизайнеров и программистов с низкой квалификацией, что «оживить» веб-сайты, сделав их динамическими. Сейчас это один из самых востребованных языков, без него невозможно представить современный интернет. Golang, созданный в Google, должен был стать простой и высокоэффективной альтерантивой тяжеловесным языкам. Спустя 11 лет между словами «Go», «эффективность» и «простота» можно ставить знаки равенства. Примеры можно перечислять и дальше. По различным оценкам существует от одной до нескольких тысяч языков программирования. Вот почему: для создания базового интернет-магазина с нуля придётся начать с абсолютного минимума — двух-трёх языков программирования и такого же количества языков семантической разметки. По мере роста нагрузки на сайт, нужно повысить его производительность. Эту задачу решают другие языки. Вместе с ростом аудитории появляется необходимость её анализировать — ещё один язык в копилку. Большие данные нужно где-то хранить и, чтобы не перегружать сервера, так называемую «горячую» часть размещают в кэше — оперативной памяти компьютера. На этом этапе в игру вступает новый протокол коммуникации. Таким образом задачи типового магазина решаются десятком различных технологий.",
      "image": "catalog/mem1.png",
      "date": "2023-10-26",
      "is_published": true,
      "views_count": 10
    }
  },
  {
    "model": "catalog.post",
    "pk": 6,
    "fields": {
      "title": "Кто такой этот ваш HTML?",
      "slug": "kto-takoj-etot-vash-html",
      "text": "HTML (Hypertext Markup Language) - это код, который используется для структурирования и отображения веб-страницы и её контента. Например, контент может быть структурирован внутри множества параграфов, маркированных списков или с использованием изображений и таблиц данных. Как видно из названия, эта статья даст вам базовое понимание HTML и его функций. HTML не является языком программирования; это язык разметки, и используется, чтобы сообщать вашему браузеру, как отображать веб-страницы, которые вы посещаете. Он может быть сложным или простым, в зависимости от того, как хочет веб-дизайнер. HTML состоит из ряда элементов, которые вы используете, чтобы вкладывать или оборачивать различные части контента, чтобы заставить контент отображаться или действовать определённым образом. Ограждающие теги могут сделать слово или изображение ссылкой на что-то ещё, могут сделать слова курсивом, сделать шрифт больше или меньше и так далее. Например, возьмём следующую строку контента.",
      "image": "catalog/mem2.png",
      "date": "2023-10-26",
      "is_published": true,
      "views_count": 7
    }
  },
  {
    "model": "catalog.post",
    "pk": 7,
    "fields": {
      "title": "Извините за мат, жизненно",
      "slug": "izvinite-za-mat-zhiznenno",
      "text": "Авторы Scrum действительно все предусмотрели. Чтобы запланировать предстоящий спринт, нужно провести собрание по планированию спринта. Планирование спринта — это мероприятие, на котором команда сообща отвечает на два основных вопроса: какую работу можно выполнить в этом спринте и как она будет выполняться?  Выбором подходящих рабочих задач для спринта занимаются совместно владелец продукта, Scrum-мастер и команда разработчиков. Владелец продукта определяет цель спринта и задачи из бэклога продукта, при выполнении которых она будет достигнута.  Затем команда создает план, согласно которому будут выполняться задачи бэклога, чтобы к окончанию спринта вся работа была завершена. Выбранные рабочие задачи и план по их выполнению называется бэклогом спринта. К концу совещания по планированию спринта команда готова приступить к работе. Для этого необходимо просто выбирать задачи из бэклога спринта и менять их статус с «В работе» на «Готово» по мере завершения работы.  В течение спринта команда собирается на ежедневные Scrum‑совещания (стендапы), чтобы обсудить ход работы. Такие совещания нужны, чтобы выявить блокеры и проблемы, которые могут повлиять на достижение цели спринта.  По окончании спринта команда показывает выполненную работу на обзоре итогов спринта. Здесь можно продемонстрировать итоги работы заинтересованным сторонам и другим участникам команды до того, как они попадут в рабочую среду.  Завершите цикл спринтов на моем любимом собрании — ретроспективе спринта. Здесь команда может определить области, требующие улучшения в следующем спринте. С этими сведениями можно начинать следующий цикл спринта. Вперед!",
      "image": "catalog/mem3.jpg",
      "date": "2023-10-26",
      "is_published": true,
      "views_count": 13
    }
  },
  {
    "model": "catalog.version",
    "pk": 1,
    "fields": {
      "product": 7,
      "version_number": "1.0.0",
      "version_name": "Первая версия",
      "is_active": true
    }
  },
  {
    "model": "catalog.version",
    "pk": 7,
    "fields": {
      "product": 10,
      "version_number": "1.0.0",
      "version_name": "Первая версия",
      "is_active": true
    }
  },
  {
    "model": "catalog.version",
    "pk": 8,
    "fields": {
      "product": 10,
      "version_number": "1.0.1",
      "version_name": "Небольшой апдейт первой версии",
      "is_active": true
    }
  },
  {
    "model": "catalog.version",
    "pk": 13,
    "fields": {
      "product": 7,
      "version_number": "1.0.2",
      "version_name": "Перекрасили уточку",
      "is_active": true
    }
  },
  {
    "model": "catalog.version",
    "pk": 14,
    "fields": {
      "product": 7,
      "version_number": "1.1.0",
      "version_name": "Модифицировали форму",
      "is_active": false
    }
  },
  {
    "model": "catalog.version",
    "pk": 15,
    "fields": {
      "product": 8,
      "version_number": "1.0.0",
      "version_name": "Первая версия",
      "is_active": true
    }
  }
]